{"cameraMode":{"drawMode":0,"name":"Shaded","section":"Shading Mode"},"sceneLighting":false,"audioPlay":false,"sceneViewState":{"showFog":true,"showMaterialUpdate":false,"showSkybox":true,"showFlares":true,"showImageEffects":true,"showParticleSystems":true},"in2DMode":false,"pivot":{"x":-10.327277183532715,"y":10.450525283813477,"z":14.94976806640625},"rotation":{"x":-0.05305861309170723,"y":0.01978418603539467,"z":0.001051365863531828,"w":0.9983948469161987},"size":2.8578836917877199,"orthographic":false}