{"cameraMode":{"drawMode":0,"name":"Shaded","section":"Shading Mode"},"sceneLighting":true,"audioPlay":false,"sceneViewState":{"showFog":true,"showMaterialUpdate":false,"showSkybox":true,"showFlares":true,"showImageEffects":true,"showParticleSystems":true},"in2DMode":false,"pivot":{"x":-18.28895378112793,"y":9.034377098083496,"z":26.4703311920166},"rotation":{"x":0.09505506604909897,"y":-0.9030720591545105,"z":0.26399749517440798,"w":0.32516276836395266},"size":22.0,"orthographic":false}