{"cameraMode":{"drawMode":0,"name":"Shaded","section":"Shading Mode"},"sceneLighting":false,"audioPlay":false,"sceneViewState":{"showFog":true,"showMaterialUpdate":false,"showSkybox":true,"showFlares":true,"showImageEffects":true,"showParticleSystems":true},"in2DMode":false,"pivot":{"x":344.3045654296875,"y":158.97213745117188,"z":14.361328125},"rotation":{"x":0.15318851172924043,"y":-0.03704783320426941,"z":0.005747287068516016,"w":0.9874855875968933},"size":333.6918640136719,"orthographic":false}