{"cameraMode":{"drawMode":0,"name":"Shaded","section":"Shading Mode"},"sceneLighting":false,"audioPlay":false,"sceneViewState":{"showFog":true,"showMaterialUpdate":false,"showSkybox":true,"showFlares":true,"showImageEffects":true,"showParticleSystems":true},"in2DMode":false,"pivot":{"x":-10.119999885559082,"y":11.530000686645508,"z":21.967998504638673},"rotation":{"x":0.1907125562429428,"y":-0.09993425011634827,"z":0.01952040195465088,"w":0.9763507843017578},"size":6.543699264526367,"orthographic":false}