{"cameraMode":{"drawMode":0,"name":"Shaded","section":"Shading Mode"},"sceneLighting":true,"audioPlay":false,"sceneViewState":{"showFog":true,"showMaterialUpdate":true,"showSkybox":true,"showFlares":true,"showImageEffects":true,"showParticleSystems":true},"in2DMode":false,"pivot":{"x":-2.1733293533325197,"y":1.0926162004470826,"z":-26.729597091674806},"rotation":{"x":0.00006364309956552461,"y":-0.9949533343315125,"z":0.10033804178237915,"w":0.000562956091016531},"size":9.962571144104004,"orthographic":true}