{"cameraMode":{"drawMode":0,"name":"Shaded","section":"Shading Mode"},"sceneLighting":true,"audioPlay":false,"sceneViewState":{"showFog":true,"showMaterialUpdate":false,"showSkybox":true,"showFlares":true,"showImageEffects":true,"showParticleSystems":true},"in2DMode":false,"pivot":{"x":18.963821411132814,"y":-9.46170425415039,"z":-83.64523315429688},"rotation":{"x":0.015296746976673603,"y":0.977690577507019,"z":-0.07672368735074997,"w":0.19493752717971803},"size":75.74418640136719,"orthographic":false}